'1', 'https://highpentam.s3.ap-northeast-2.amazonaws.com/mountains/가리산_image1.jpg', '6'
'2', 'https://highpentam.s3.ap-northeast-2.amazonaws.com/mountains/가리산_image3.jpg', '6'
'3', 'https://highpentam.s3.ap-northeast-2.amazonaws.com/mountains/가리산_image4.jpg', '6'
'4', 'https://highpentam.s3.ap-northeast-2.amazonaws.com/mountains/가리왕산_image10.jpg', '7'
'5', 'https://highpentam.s3.ap-northeast-2.amazonaws.com/mountains/가리왕산_image6.jpg', '7'
'6', 'https://highpentam.s3.ap-northeast-2.amazonaws.com/mountains/가리왕산_image8.jpg', '7'
'7', 'https://highpentam.s3.ap-northeast-2.amazonaws.com/mountains/가야산_image10.jpg', '8'
'8', 'https://highpentam.s3.ap-northeast-2.amazonaws.com/mountains/가야산_image11.jpg', '8'
'9', 'https://highpentam.s3.ap-northeast-2.amazonaws.com/mountains/가야산_image13.jpg', '8'
'10', 'https://highpentam.s3.ap-northeast-2.amazonaws.com/mountains/가야산_image6.jpg', '8'
'11', 'https://highpentam.s3.ap-northeast-2.amazonaws.com/mountains/가야산_image7.jpg', '8'
'12', 'https://highpentam.s3.ap-northeast-2.amazonaws.com/mountains/가야산_image8.jpg', '8'
'13', 'https://highpentam.s3.ap-northeast-2.amazonaws.com/mountains/가야산_image9.jpg', '8'
'14', 'https://highpentam.s3.ap-northeast-2.amazonaws.com/mountains/가지산_image12.jpg', '9'
'15', 'https://highpentam.s3.ap-northeast-2.amazonaws.com/mountains/가지산_image14.jpg', '9'
'16', 'https://highpentam.s3.ap-northeast-2.amazonaws.com/mountains/감악산_image17.jpg', '10'
'17', 'https://highpentam.s3.ap-northeast-2.amazonaws.com/mountains/감악산_image18.jpg', '10'
'18', 'https://highpentam.s3.ap-northeast-2.amazonaws.com/mountains/강천산_image22.jpg', '11'
'19', 'https://highpentam.s3.ap-northeast-2.amazonaws.com/mountains/강천산_image26.jpg', '11'
'20', 'https://highpentam.s3.ap-northeast-2.amazonaws.com/mountains/계룡산_image26.jpg', '12'
'21', 'https://highpentam.s3.ap-northeast-2.amazonaws.com/mountains/계룡산_image27.jpg', '12'
'22', 'https://highpentam.s3.ap-northeast-2.amazonaws.com/mountains/계룡산_image28.jpg', '12'
'23', 'https://highpentam.s3.ap-northeast-2.amazonaws.com/mountains/계룡산_image30.jpg', '12'
'24', 'https://highpentam.s3.ap-northeast-2.amazonaws.com/mountains/계룡산_image35.jpg', '12'
'25', 'https://highpentam.s3.ap-northeast-2.amazonaws.com/mountains/계방산_image31.jpg', '13'
'26', 'https://highpentam.s3.ap-northeast-2.amazonaws.com/mountains/계방산_image32.jpg', '13'
'27', 'https://highpentam.s3.ap-northeast-2.amazonaws.com/mountains/계방산_image33.jpg', '13'
'28', 'https://highpentam.s3.ap-northeast-2.amazonaws.com/mountains/계방산_image34.jpg', '13'
'29', 'https://highpentam.s3.ap-northeast-2.amazonaws.com/mountains/계방산_image35.jpg', '13'
'30', 'https://highpentam.s3.ap-northeast-2.amazonaws.com/mountains/공작산_image36.jpg', '14'
'31', 'https://highpentam.s3.ap-northeast-2.amazonaws.com/mountains/공작산_image37.jpg', '14'
'32', 'https://highpentam.s3.ap-northeast-2.amazonaws.com/mountains/공작산_image39.jpg', '14'
'33', 'https://highpentam.s3.ap-northeast-2.amazonaws.com/mountains/관악산_image41.jpg', '15'
'34', 'https://highpentam.s3.ap-northeast-2.amazonaws.com/mountains/관악산_image45.jpg', '15'
'35', 'https://highpentam.s3.ap-northeast-2.amazonaws.com/mountains/관악산_image48.jpg', '15'
'36', 'https://highpentam.s3.ap-northeast-2.amazonaws.com/mountains/구병산_image47.jpg', '16'
'37', 'https://highpentam.s3.ap-northeast-2.amazonaws.com/mountains/구병산_image49.jpg', '16'
'38', 'https://highpentam.s3.ap-northeast-2.amazonaws.com/mountains/금산_image56.jpg', '17'
'39', 'https://highpentam.s3.ap-northeast-2.amazonaws.com/mountains/금산_image58.jpg', '17'
'40', 'https://highpentam.s3.ap-northeast-2.amazonaws.com/mountains/금수산_image62.jpg', '18'
'41', 'https://highpentam.s3.ap-northeast-2.amazonaws.com/mountains/금수산_image63.jpg', '18'
'42', 'https://highpentam.s3.ap-northeast-2.amazonaws.com/mountains/금수산_image64.jpg', '18'
'43', 'https://highpentam.s3.ap-northeast-2.amazonaws.com/mountains/금수산_image65.jpg', '18'
'44', 'https://highpentam.s3.ap-northeast-2.amazonaws.com/mountains/금오산_image66.jpg', '19'
'45', 'https://highpentam.s3.ap-northeast-2.amazonaws.com/mountains/금오산_image67.jpg', '19'
'46', 'https://highpentam.s3.ap-northeast-2.amazonaws.com/mountains/금오산_image68.jpg', '19'
'47', 'https://highpentam.s3.ap-northeast-2.amazonaws.com/mountains/금오산_image69.jpg', '19'
'48', 'https://highpentam.s3.ap-northeast-2.amazonaws.com/mountains/금오산_image70.jpg', '19'
'49', 'https://highpentam.s3.ap-northeast-2.amazonaws.com/mountains/금정산_image71.jpg', '20'
'50', 'https://highpentam.s3.ap-northeast-2.amazonaws.com/mountains/금정산_image73.jpg', '20'
'51', 'https://highpentam.s3.ap-northeast-2.amazonaws.com/mountains/금정산_image75.jpg', '20'
'52', 'https://highpentam.s3.ap-northeast-2.amazonaws.com/mountains/깃대봉_image76.jpg', '21'
'53', 'https://highpentam.s3.ap-northeast-2.amazonaws.com/mountains/깃대봉_image79.jpg', '21'
'54', 'https://highpentam.s3.ap-northeast-2.amazonaws.com/mountains/남산_image81.jpg', '22'
'55', 'https://highpentam.s3.ap-northeast-2.amazonaws.com/mountains/남산_image82.jpg', '22'
'56', 'https://highpentam.s3.ap-northeast-2.amazonaws.com/mountains/남산_image83.jpg', '22'
'57', 'https://highpentam.s3.ap-northeast-2.amazonaws.com/mountains/남산_image84.jpg', '22'
'58', 'https://highpentam.s3.ap-northeast-2.amazonaws.com/mountains/남산_image85.jpg', '22'
'59', 'https://highpentam.s3.ap-northeast-2.amazonaws.com/mountains/내연산_image86.jpg', '23'
'60', 'https://highpentam.s3.ap-northeast-2.amazonaws.com/mountains/내연산_image87.jpg', '23'
'61', 'https://highpentam.s3.ap-northeast-2.amazonaws.com/mountains/내연산_image88.jpg', '23'
'62', 'https://highpentam.s3.ap-northeast-2.amazonaws.com/mountains/내장산_image91.jpg', '24'
'63', 'https://highpentam.s3.ap-northeast-2.amazonaws.com/mountains/내장산_image92.jpg', '24'
'64', 'https://highpentam.s3.ap-northeast-2.amazonaws.com/mountains/내장산_image93.jpg', '24'
'65', 'https://highpentam.s3.ap-northeast-2.amazonaws.com/mountains/대둔산_image100.jpg', '25'
'66', 'https://highpentam.s3.ap-northeast-2.amazonaws.com/mountains/대둔산_image96.jpg', '25'
'67', 'https://highpentam.s3.ap-northeast-2.amazonaws.com/mountains/대둔산_image97.jpg', '25'
'68', 'https://highpentam.s3.ap-northeast-2.amazonaws.com/mountains/대둔산_image98.jpg', '25'
'69', 'https://highpentam.s3.ap-northeast-2.amazonaws.com/mountains/대둔산_image99.jpg', '25'
'70', 'https://highpentam.s3.ap-northeast-2.amazonaws.com/mountains/대암산_image102.jpg', '26'
'71', 'https://highpentam.s3.ap-northeast-2.amazonaws.com/mountains/대야산_image107.jpg', '27'
'72', 'https://highpentam.s3.ap-northeast-2.amazonaws.com/mountains/대야산_image108.jpg', '27'
'73', 'https://highpentam.s3.ap-northeast-2.amazonaws.com/mountains/대야산_image109.jpg', '27'
'74', 'https://highpentam.s3.ap-northeast-2.amazonaws.com/mountains/덕숭산(수덕산)_image112.jpg', '28'
'75', 'https://highpentam.s3.ap-northeast-2.amazonaws.com/mountains/덕숭산(수덕산)_image113.jpg', '28'
'76', 'https://highpentam.s3.ap-northeast-2.amazonaws.com/mountains/덕숭산(수덕산)_image114.jpg', '28'
'77', 'https://highpentam.s3.ap-northeast-2.amazonaws.com/mountains/덕유산(향적봉)_image116.jpg', '29'
'78', 'https://highpentam.s3.ap-northeast-2.amazonaws.com/mountains/덕유산(향적봉)_image117.jpg', '29'
'79', 'https://highpentam.s3.ap-northeast-2.amazonaws.com/mountains/덕유산(향적봉)_image119.jpg', '29'
'80', 'https://highpentam.s3.ap-northeast-2.amazonaws.com/mountains/덕유산(향적봉)_image120.jpg', '29'
'81', 'https://highpentam.s3.ap-northeast-2.amazonaws.com/mountains/덕항산_image121.jpg', '30'
'82', 'https://highpentam.s3.ap-northeast-2.amazonaws.com/mountains/덕항산_image122.jpg', '30'
'83', 'https://highpentam.s3.ap-northeast-2.amazonaws.com/mountains/도락산_image127.jpg', '31'
'84', 'https://highpentam.s3.ap-northeast-2.amazonaws.com/mountains/도락산_image128.jpg', '31'
'85', 'https://highpentam.s3.ap-northeast-2.amazonaws.com/mountains/도락산_image130.jpg', '31'
'86', 'https://highpentam.s3.ap-northeast-2.amazonaws.com/mountains/도봉산(자운봉)_image132.jpg', '32'
'87', 'https://highpentam.s3.ap-northeast-2.amazonaws.com/mountains/도봉산(자운봉)_image133.jpg', '32'
'88', 'https://highpentam.s3.ap-northeast-2.amazonaws.com/mountains/도봉산(자운봉)_image134.jpg', '32'
'89', 'https://highpentam.s3.ap-northeast-2.amazonaws.com/mountains/두륜산_image136.jpg', '33'
'90', 'https://highpentam.s3.ap-northeast-2.amazonaws.com/mountains/두륜산_image137.jpg', '33'
'91', 'https://highpentam.s3.ap-northeast-2.amazonaws.com/mountains/두륜산_image138.jpg', '33'
'92', 'https://highpentam.s3.ap-northeast-2.amazonaws.com/mountains/두륜산_image139.jpg', '33'
'93', 'https://highpentam.s3.ap-northeast-2.amazonaws.com/mountains/두륜산_image140.jpg', '33'
'94', 'https://highpentam.s3.ap-northeast-2.amazonaws.com/mountains/두타산_image141.jpg', '34'
'95', 'https://highpentam.s3.ap-northeast-2.amazonaws.com/mountains/두타산_image142.jpg', '34'
'96', 'https://highpentam.s3.ap-northeast-2.amazonaws.com/mountains/두타산_image143.jpg', '34'
'97', 'https://highpentam.s3.ap-northeast-2.amazonaws.com/mountains/두타산_image144.jpg', '34'
'98', 'https://highpentam.s3.ap-northeast-2.amazonaws.com/mountains/두타산_image145.jpg', '34'
'99', 'https://highpentam.s3.ap-northeast-2.amazonaws.com/mountains/마니산_image146.jpg', '35'
'100', 'https://highpentam.s3.ap-northeast-2.amazonaws.com/mountains/마니산_image147.jpg', '35'
'101', 'https://highpentam.s3.ap-northeast-2.amazonaws.com/mountains/마니산_image148.jpg', '35'
'102', 'https://highpentam.s3.ap-northeast-2.amazonaws.com/mountains/마니산_image149.jpg', '35'
'103', 'https://highpentam.s3.ap-northeast-2.amazonaws.com/mountains/마이산_image151.jpg', '36'
'104', 'https://highpentam.s3.ap-northeast-2.amazonaws.com/mountains/마이산_image154.jpg', '36'
'105', 'https://highpentam.s3.ap-northeast-2.amazonaws.com/mountains/마이산_image155.jpg', '36'
'106', 'https://highpentam.s3.ap-northeast-2.amazonaws.com/mountains/명성산_image156.jpg', '37'
'107', 'https://highpentam.s3.ap-northeast-2.amazonaws.com/mountains/명성산_image157.jpg', '37'
'108', 'https://highpentam.s3.ap-northeast-2.amazonaws.com/mountains/명성산_image158.jpg', '37'
'109', 'https://highpentam.s3.ap-northeast-2.amazonaws.com/mountains/명지산_image161.jpg', '38'
'110', 'https://highpentam.s3.ap-northeast-2.amazonaws.com/mountains/명지산_image162.jpg', '38'
'111', 'https://highpentam.s3.ap-northeast-2.amazonaws.com/mountains/명지산_image164.jpg', '38'
'112', 'https://highpentam.s3.ap-northeast-2.amazonaws.com/mountains/모악산_image167.jpg', '39'
'113', 'https://highpentam.s3.ap-northeast-2.amazonaws.com/mountains/모악산_image169.jpg', '39'
'114', 'https://highpentam.s3.ap-northeast-2.amazonaws.com/mountains/무등산_image171.jpg', '40'
'115', 'https://highpentam.s3.ap-northeast-2.amazonaws.com/mountains/무등산_image172.jpg', '40'
'116', 'https://highpentam.s3.ap-northeast-2.amazonaws.com/mountains/무등산_image174.jpg', '40'
'117', 'https://highpentam.s3.ap-northeast-2.amazonaws.com/mountains/무학산_image176.jpg', '41'
'118', 'https://highpentam.s3.ap-northeast-2.amazonaws.com/mountains/무학산_image177.jpg', '41'
'119', 'https://highpentam.s3.ap-northeast-2.amazonaws.com/mountains/무학산_image178.jpg', '41'
'120', 'https://highpentam.s3.ap-northeast-2.amazonaws.com/mountains/무학산_image180.jpg', '41'
'121', 'https://highpentam.s3.ap-northeast-2.amazonaws.com/mountains/미륵산_image183.jpg', '42'
'122', 'https://highpentam.s3.ap-northeast-2.amazonaws.com/mountains/미륵산_image184.jpg', '42'
'123', 'https://highpentam.s3.ap-northeast-2.amazonaws.com/mountains/민주지산_image186.jpg', '43'
'124', 'https://highpentam.s3.ap-northeast-2.amazonaws.com/mountains/민주지산_image190.jpg', '43'
'125', 'https://highpentam.s3.ap-northeast-2.amazonaws.com/mountains/방장산_image191.jpg', '44'
'126', 'https://highpentam.s3.ap-northeast-2.amazonaws.com/mountains/방장산_image192.jpg', '44'
'127', 'https://highpentam.s3.ap-northeast-2.amazonaws.com/mountains/방장산_image193.jpg', '44'
'128', 'https://highpentam.s3.ap-northeast-2.amazonaws.com/mountains/방장산_image194.jpg', '44'
'129', 'https://highpentam.s3.ap-northeast-2.amazonaws.com/mountains/방태산_image196.jpg', '45'
'130', 'https://highpentam.s3.ap-northeast-2.amazonaws.com/mountains/방태산_image197.jpg', '45'
'131', 'https://highpentam.s3.ap-northeast-2.amazonaws.com/mountains/방태산_image198.jpg', '45'
'132', 'https://highpentam.s3.ap-northeast-2.amazonaws.com/mountains/백덕산_image204.jpg', '46'
'133', 'https://highpentam.s3.ap-northeast-2.amazonaws.com/mountains/백덕산_image205.jpg', '46'
'134', 'https://highpentam.s3.ap-northeast-2.amazonaws.com/mountains/백암산_image207.jpg', '47'
'135', 'https://highpentam.s3.ap-northeast-2.amazonaws.com/mountains/백암산_image208.jpg', '47'
'136', 'https://highpentam.s3.ap-northeast-2.amazonaws.com/mountains/백암산_image210.jpg', '47'
'137', 'https://highpentam.s3.ap-northeast-2.amazonaws.com/mountains/백운산(광양)_image212.jpg', '48'
'138', 'https://highpentam.s3.ap-northeast-2.amazonaws.com/mountains/백운산(광양)_image213.jpg', '48'
'139', 'https://highpentam.s3.ap-northeast-2.amazonaws.com/mountains/백운산(정선)_image217.jpg', '49'
'140', 'https://highpentam.s3.ap-northeast-2.amazonaws.com/mountains/백운산(정선)_image218.jpg', '49'
'141', 'https://highpentam.s3.ap-northeast-2.amazonaws.com/mountains/백운산(정선)_image219.jpg', '49'
'142', 'https://highpentam.s3.ap-northeast-2.amazonaws.com/mountains/변산_image220.jpg', '52'
'143', 'https://highpentam.s3.ap-northeast-2.amazonaws.com/mountains/변산_image222.jpg', '52'
'144', 'https://highpentam.s3.ap-northeast-2.amazonaws.com/mountains/북한산_image231.jpg', '51'
'145', 'https://highpentam.s3.ap-northeast-2.amazonaws.com/mountains/북한산_image233.jpg', '51'
'146', 'https://highpentam.s3.ap-northeast-2.amazonaws.com/mountains/북한산_image234.jpg', '51'
'147', 'https://highpentam.s3.ap-northeast-2.amazonaws.com/mountains/북한산_image235.jpg', '51'
'148', 'https://highpentam.s3.ap-northeast-2.amazonaws.com/mountains/비슬산_image239.jpg', '53'
'149', 'https://highpentam.s3.ap-northeast-2.amazonaws.com/mountains/비슬산_image240.jpg', '53'
'150', 'https://highpentam.s3.ap-northeast-2.amazonaws.com/mountains/삼악산_image241.jpg', '54'
'151', 'https://highpentam.s3.ap-northeast-2.amazonaws.com/mountains/삼악산_image243.jpg', '54'
'152', 'https://highpentam.s3.ap-northeast-2.amazonaws.com/mountains/삼악산_image245.jpg', '54'
'153', 'https://highpentam.s3.ap-northeast-2.amazonaws.com/mountains/서대산_image246.jpg', '55'
'154', 'https://highpentam.s3.ap-northeast-2.amazonaws.com/mountains/서대산_image248.jpg', '55'
'155', 'https://highpentam.s3.ap-northeast-2.amazonaws.com/mountains/서대산_image249.jpg', '55'
'156', 'https://highpentam.s3.ap-northeast-2.amazonaws.com/mountains/서대산_image250.jpg', '55'
'157', 'https://highpentam.s3.ap-northeast-2.amazonaws.com/mountains/선운산_image252.jpg', '56'
'158', 'https://highpentam.s3.ap-northeast-2.amazonaws.com/mountains/선운산_image253.jpg', '56'
'159', 'https://highpentam.s3.ap-northeast-2.amazonaws.com/mountains/선운산_image254.jpg', '56'
'160', 'https://highpentam.s3.ap-northeast-2.amazonaws.com/mountains/설악산_image256.jpg', '57'
'161', 'https://highpentam.s3.ap-northeast-2.amazonaws.com/mountains/설악산_image257.jpg', '57'
'162', 'https://highpentam.s3.ap-northeast-2.amazonaws.com/mountains/설악산_image258.jpg', '57'
'163', 'https://highpentam.s3.ap-northeast-2.amazonaws.com/mountains/설악산_image259.jpg', '57'
'164', 'https://highpentam.s3.ap-northeast-2.amazonaws.com/mountains/성인봉_image261.jpg', '58'
'165', 'https://highpentam.s3.ap-northeast-2.amazonaws.com/mountains/성인봉_image262.jpg', '58'
'166', 'https://highpentam.s3.ap-northeast-2.amazonaws.com/mountains/성인봉_image263.jpg', '58'
'167', 'https://highpentam.s3.ap-northeast-2.amazonaws.com/mountains/성인봉_image264.jpg', '58'
'168', 'https://highpentam.s3.ap-northeast-2.amazonaws.com/mountains/성인봉_image265.jpg', '58'
'169', 'https://highpentam.s3.ap-northeast-2.amazonaws.com/mountains/소백산_image267.jpg', '59'
'170', 'https://highpentam.s3.ap-northeast-2.amazonaws.com/mountains/소백산_image268.jpg', '59'
'171', 'https://highpentam.s3.ap-northeast-2.amazonaws.com/mountains/소백산_image269.jpg', '59'
'172', 'https://highpentam.s3.ap-northeast-2.amazonaws.com/mountains/소백산_image270.jpg', '59'
'173', 'https://highpentam.s3.ap-northeast-2.amazonaws.com/mountains/소요산_image272.jpg', '60'
'174', 'https://highpentam.s3.ap-northeast-2.amazonaws.com/mountains/소요산_image274.jpg', '60'
'175', 'https://highpentam.s3.ap-northeast-2.amazonaws.com/mountains/속리산_image276.jpg', '61'
'176', 'https://highpentam.s3.ap-northeast-2.amazonaws.com/mountains/속리산_image277.jpg', '61'
'177', 'https://highpentam.s3.ap-northeast-2.amazonaws.com/mountains/속리산_image278.jpg', '61'
'178', 'https://highpentam.s3.ap-northeast-2.amazonaws.com/mountains/속리산_image280.jpg', '61'
'179', 'https://highpentam.s3.ap-northeast-2.amazonaws.com/mountains/신불산_image281.jpg', '62'
'180', 'https://highpentam.s3.ap-northeast-2.amazonaws.com/mountains/신불산_image282.jpg', '62'
'181', 'https://highpentam.s3.ap-northeast-2.amazonaws.com/mountains/신불산_image283.jpg', '62'
'182', 'https://highpentam.s3.ap-northeast-2.amazonaws.com/mountains/연화산_image287.jpg', '63'
'183', 'https://highpentam.s3.ap-northeast-2.amazonaws.com/mountains/연화산_image288.jpg', '63'
'184', 'https://highpentam.s3.ap-northeast-2.amazonaws.com/mountains/오대산_image291.jpg', '64'
'185', 'https://highpentam.s3.ap-northeast-2.amazonaws.com/mountains/오대산_image292.jpg', '64'
'186', 'https://highpentam.s3.ap-northeast-2.amazonaws.com/mountains/오대산_image294.jpg', '64'
'187', 'https://highpentam.s3.ap-northeast-2.amazonaws.com/mountains/오대산_image295.jpg', '64'
'188', 'https://highpentam.s3.ap-northeast-2.amazonaws.com/mountains/오봉산_image296.jpg', '65'
'189', 'https://highpentam.s3.ap-northeast-2.amazonaws.com/mountains/오봉산_image298.jpg', '65'
'190', 'https://highpentam.s3.ap-northeast-2.amazonaws.com/mountains/오봉산_image300.jpg', '65'
'191', 'https://highpentam.s3.ap-northeast-2.amazonaws.com/mountains/용문산_image303.jpg', '66'
'192', 'https://highpentam.s3.ap-northeast-2.amazonaws.com/mountains/용문산_image304.jpg', '66'
'193', 'https://highpentam.s3.ap-northeast-2.amazonaws.com/mountains/용문산_image305.jpg', '66'
'194', 'https://highpentam.s3.ap-northeast-2.amazonaws.com/mountains/용화산_image306.jpg', '67'
'195', 'https://highpentam.s3.ap-northeast-2.amazonaws.com/mountains/용화산_image307.jpg', '67'
'196', 'https://highpentam.s3.ap-northeast-2.amazonaws.com/mountains/용화산_image308.jpg', '67'
'197', 'https://highpentam.s3.ap-northeast-2.amazonaws.com/mountains/운문산_image311.jpg', '68'
'198', 'https://highpentam.s3.ap-northeast-2.amazonaws.com/mountains/운문산_image312.jpg', '68'
'199', 'https://highpentam.s3.ap-northeast-2.amazonaws.com/mountains/운문산_image314.jpg', '68'
'200', 'https://highpentam.s3.ap-northeast-2.amazonaws.com/mountains/운악산_image316.jpg', '69'
'201', 'https://highpentam.s3.ap-northeast-2.amazonaws.com/mountains/운악산_image317.jpg', '69'
'202', 'https://highpentam.s3.ap-northeast-2.amazonaws.com/mountains/운악산_image318.jpg', '69'
'203', 'https://highpentam.s3.ap-northeast-2.amazonaws.com/mountains/운악산_image319.jpg', '69'
'204', 'https://highpentam.s3.ap-northeast-2.amazonaws.com/mountains/운악산_image320.jpg', '69'
'205', 'https://highpentam.s3.ap-northeast-2.amazonaws.com/mountains/운장산_image322.jpg', '70'
'206', 'https://highpentam.s3.ap-northeast-2.amazonaws.com/mountains/운장산_image323.jpg', '70'
'207', 'https://highpentam.s3.ap-northeast-2.amazonaws.com/mountains/월악산_image329.jpg', '71'
'208', 'https://highpentam.s3.ap-northeast-2.amazonaws.com/mountains/월악산_image330.jpg', '71'
'209', 'https://highpentam.s3.ap-northeast-2.amazonaws.com/mountains/월출산_image331.jpg', '72'
'210', 'https://highpentam.s3.ap-northeast-2.amazonaws.com/mountains/월출산_image332.jpg', '72'
'211', 'https://highpentam.s3.ap-northeast-2.amazonaws.com/mountains/월출산_image333.jpg', '72'
'212', 'https://highpentam.s3.ap-northeast-2.amazonaws.com/mountains/월출산_image335.jpg', '72'
'213', 'https://highpentam.s3.ap-northeast-2.amazonaws.com/mountains/유명산_image337.jpg', '73'
'214', 'https://highpentam.s3.ap-northeast-2.amazonaws.com/mountains/유명산_image339.jpg', '73'
'215', 'https://highpentam.s3.ap-northeast-2.amazonaws.com/mountains/응봉산_image341.jpg', '74'
'216', 'https://highpentam.s3.ap-northeast-2.amazonaws.com/mountains/응봉산_image344.jpg', '74'
'217', 'https://highpentam.s3.ap-northeast-2.amazonaws.com/mountains/응봉산_image345.jpg', '74'
'218', 'https://highpentam.s3.ap-northeast-2.amazonaws.com/mountains/장안산_image346.jpg', '75'
'219', 'https://highpentam.s3.ap-northeast-2.amazonaws.com/mountains/장안산_image347.jpg', '75'
'220', 'https://highpentam.s3.ap-northeast-2.amazonaws.com/mountains/장안산_image349.jpg', '75'
'221', 'https://highpentam.s3.ap-northeast-2.amazonaws.com/mountains/장안산_image350.jpg', '75'
'222', 'https://highpentam.s3.ap-northeast-2.amazonaws.com/mountains/재약산_image352.jpg', '76'
'223', 'https://highpentam.s3.ap-northeast-2.amazonaws.com/mountains/재약산_image353.jpg', '76'
'224', 'https://highpentam.s3.ap-northeast-2.amazonaws.com/mountains/재약산_image354.jpg', '76'
'225', 'https://highpentam.s3.ap-northeast-2.amazonaws.com/mountains/적상산_image356.jpg', '77'
'226', 'https://highpentam.s3.ap-northeast-2.amazonaws.com/mountains/적상산_image357.jpg', '77'
'227', 'https://highpentam.s3.ap-northeast-2.amazonaws.com/mountains/적상산_image358.jpg', '77'
'228', 'https://highpentam.s3.ap-northeast-2.amazonaws.com/mountains/점봉산_image361.jpg', '78'
'229', 'https://highpentam.s3.ap-northeast-2.amazonaws.com/mountains/점봉산_image364.jpg', '78'
'230', 'https://highpentam.s3.ap-northeast-2.amazonaws.com/mountains/조계산_image367.jpg', '79'
'231', 'https://highpentam.s3.ap-northeast-2.amazonaws.com/mountains/조계산_image368.jpg', '79'
'232', 'https://highpentam.s3.ap-northeast-2.amazonaws.com/mountains/주왕산_image371.jpg', '80'
'233', 'https://highpentam.s3.ap-northeast-2.amazonaws.com/mountains/주왕산_image375.jpg', '80'
'234', 'https://highpentam.s3.ap-northeast-2.amazonaws.com/mountains/주흘산_image376.jpg', '81'
'235', 'https://highpentam.s3.ap-northeast-2.amazonaws.com/mountains/주흘산_image377.jpg', '81'
'236', 'https://highpentam.s3.ap-northeast-2.amazonaws.com/mountains/주흘산_image378.jpg', '81'
'237', 'https://highpentam.s3.ap-northeast-2.amazonaws.com/mountains/주흘산_image379.jpg', '81'
'238', 'https://highpentam.s3.ap-northeast-2.amazonaws.com/mountains/지리산(천왕봉)_image381.jpg', '82'
'239', 'https://highpentam.s3.ap-northeast-2.amazonaws.com/mountains/지리산(천왕봉)_image383.jpg', '82'
'240', 'https://highpentam.s3.ap-northeast-2.amazonaws.com/mountains/지리산(천왕봉)_image384.jpg', '82'
'241', 'https://highpentam.s3.ap-northeast-2.amazonaws.com/mountains/지리산(천왕봉)_image385.jpg', '82'
'242', 'https://highpentam.s3.ap-northeast-2.amazonaws.com/mountains/지리산(통영)_image386.jpg', '83'
'243', 'https://highpentam.s3.ap-northeast-2.amazonaws.com/mountains/지리산(통영)_image387.jpg', '83'
'244', 'https://highpentam.s3.ap-northeast-2.amazonaws.com/mountains/지리산(통영)_image388.jpg', '83'
'245', 'https://highpentam.s3.ap-northeast-2.amazonaws.com/mountains/지리산(통영)_image389.jpg', '83'
'246', 'https://highpentam.s3.ap-northeast-2.amazonaws.com/mountains/지리산(통영)_image390.jpg', '83'
'247', 'https://highpentam.s3.ap-northeast-2.amazonaws.com/mountains/천관산_image391.jpg', '84'
'248', 'https://highpentam.s3.ap-northeast-2.amazonaws.com/mountains/천관산_image392.jpg', '84'
'249', 'https://highpentam.s3.ap-northeast-2.amazonaws.com/mountains/천관산_image393.jpg', '84'
'250', 'https://highpentam.s3.ap-northeast-2.amazonaws.com/mountains/천관산_image394.jpg', '84'
'251', 'https://highpentam.s3.ap-northeast-2.amazonaws.com/mountains/천관산_image395.jpg', '84'
'252', 'https://highpentam.s3.ap-northeast-2.amazonaws.com/mountains/천마산_image396.jpg', '85'
'253', 'https://highpentam.s3.ap-northeast-2.amazonaws.com/mountains/천마산_image397.jpg', '85'
'254', 'https://highpentam.s3.ap-northeast-2.amazonaws.com/mountains/천마산_image398.jpg', '85'
'255', 'https://highpentam.s3.ap-northeast-2.amazonaws.com/mountains/천성산_image401.jpg', '86'
'256', 'https://highpentam.s3.ap-northeast-2.amazonaws.com/mountains/천성산_image403.jpg', '86'
'257', 'https://highpentam.s3.ap-northeast-2.amazonaws.com/mountains/천성산_image404.jpg', '86'
'258', 'https://highpentam.s3.ap-northeast-2.amazonaws.com/mountains/천성산_image405.jpg', '86'
'259', 'https://highpentam.s3.ap-northeast-2.amazonaws.com/mountains/천태산_image407.jpg', '87'
'260', 'https://highpentam.s3.ap-northeast-2.amazonaws.com/mountains/천태산_image408.jpg', '87'
'261', 'https://highpentam.s3.ap-northeast-2.amazonaws.com/mountains/천태산_image409.jpg', '87'
'262', 'https://highpentam.s3.ap-northeast-2.amazonaws.com/mountains/청량산_image411.jpg', '88'
'263', 'https://highpentam.s3.ap-northeast-2.amazonaws.com/mountains/청량산_image413.jpg', '88'
'264', 'https://highpentam.s3.ap-northeast-2.amazonaws.com/mountains/청량산_image414.jpg', '88'
'265', 'https://highpentam.s3.ap-northeast-2.amazonaws.com/mountains/추월산_image416.jpg', '89'
'266', 'https://highpentam.s3.ap-northeast-2.amazonaws.com/mountains/추월산_image417.jpg', '89'
'267', 'https://highpentam.s3.ap-northeast-2.amazonaws.com/mountains/추월산_image418.jpg', '89'
'268', 'https://highpentam.s3.ap-northeast-2.amazonaws.com/mountains/추월산_image419.jpg', '89'
'269', 'https://highpentam.s3.ap-northeast-2.amazonaws.com/mountains/추월산_image420.jpg', '89'
'270', 'https://highpentam.s3.ap-northeast-2.amazonaws.com/mountains/축령산_image421.jpg', '90'
'271', 'https://highpentam.s3.ap-northeast-2.amazonaws.com/mountains/축령산_image422.jpg', '90'
'272', 'https://highpentam.s3.ap-northeast-2.amazonaws.com/mountains/축령산_image425.jpg', '90'
'273', 'https://highpentam.s3.ap-northeast-2.amazonaws.com/mountains/치악산_image426.jpg', '91'
'274', 'https://highpentam.s3.ap-northeast-2.amazonaws.com/mountains/치악산_image427.jpg', '91'
'275', 'https://highpentam.s3.ap-northeast-2.amazonaws.com/mountains/치악산_image428.jpg', '91'
'276', 'https://highpentam.s3.ap-northeast-2.amazonaws.com/mountains/칠갑산_image431.jpg', '92'
'277', 'https://highpentam.s3.ap-northeast-2.amazonaws.com/mountains/칠갑산_image434.jpg', '92'
'278', 'https://highpentam.s3.ap-northeast-2.amazonaws.com/mountains/칠갑산_image435.jpg', '92'
'279', 'https://highpentam.s3.ap-northeast-2.amazonaws.com/mountains/태백산_image437.jpg', '93'
'280', 'https://highpentam.s3.ap-northeast-2.amazonaws.com/mountains/태백산_image438.jpg', '93'
'281', 'https://highpentam.s3.ap-northeast-2.amazonaws.com/mountains/태백산_image439.jpg', '93'
'282', 'https://highpentam.s3.ap-northeast-2.amazonaws.com/mountains/태백산_image440.jpg', '93'
'283', 'https://highpentam.s3.ap-northeast-2.amazonaws.com/mountains/태화산_image442.jpg', '94'
'284', 'https://highpentam.s3.ap-northeast-2.amazonaws.com/mountains/태화산_image443.jpg', '94'
'285', 'https://highpentam.s3.ap-northeast-2.amazonaws.com/mountains/팔공산_image446.jpg', '95'
'286', 'https://highpentam.s3.ap-northeast-2.amazonaws.com/mountains/팔공산_image447.jpg', '95'
'287', 'https://highpentam.s3.ap-northeast-2.amazonaws.com/mountains/팔공산_image448.jpg', '95'
'288', 'https://highpentam.s3.ap-northeast-2.amazonaws.com/mountains/팔봉산_image450.jpg', '96'
'289', 'https://highpentam.s3.ap-northeast-2.amazonaws.com/mountains/팔봉산_image451.jpg', '96'
'290', 'https://highpentam.s3.ap-northeast-2.amazonaws.com/mountains/팔영산_image457.jpg', '97'
'291', 'https://highpentam.s3.ap-northeast-2.amazonaws.com/mountains/팔영산_image458.jpg', '97'
'292', 'https://highpentam.s3.ap-northeast-2.amazonaws.com/mountains/팔영산_image459.jpg', '97'
'293', 'https://highpentam.s3.ap-northeast-2.amazonaws.com/mountains/팔영산_image460.jpg', '97'
'294', 'https://highpentam.s3.ap-northeast-2.amazonaws.com/mountains/한라산_image461.jpg', '98'
'295', 'https://highpentam.s3.ap-northeast-2.amazonaws.com/mountains/한라산_image462.jpg', '98'
'296', 'https://highpentam.s3.ap-northeast-2.amazonaws.com/mountains/한라산_image463.jpg', '98'
'297', 'https://highpentam.s3.ap-northeast-2.amazonaws.com/mountains/한라산_image464.jpg', '98'
'298', 'https://highpentam.s3.ap-northeast-2.amazonaws.com/mountains/한라산_image465.jpg', '98'
'299', 'https://highpentam.s3.ap-northeast-2.amazonaws.com/mountains/화악산(중봉)_image466.jpg', '99'
'300', 'https://highpentam.s3.ap-northeast-2.amazonaws.com/mountains/화악산(중봉)_image467.jpg', '99'
'301', 'https://highpentam.s3.ap-northeast-2.amazonaws.com/mountains/화악산(중봉)_image468.jpg', '99'
'302', 'https://highpentam.s3.ap-northeast-2.amazonaws.com/mountains/화왕산_image471.jpg', '100'
'303', 'https://highpentam.s3.ap-northeast-2.amazonaws.com/mountains/화왕산_image472.jpg', '100'
'304', 'https://highpentam.s3.ap-northeast-2.amazonaws.com/mountains/화왕산_image473.jpg', '100'
'305', 'https://highpentam.s3.ap-northeast-2.amazonaws.com/mountains/화왕산_image474.jpg', '100'
'306', 'https://highpentam.s3.ap-northeast-2.amazonaws.com/mountains/화왕산_image475.jpg', '100'
'307', 'https://highpentam.s3.ap-northeast-2.amazonaws.com/mountains/황매산_image476.jpg', '101'
'308', 'https://highpentam.s3.ap-northeast-2.amazonaws.com/mountains/황매산_image477.jpg', '101'
'309', 'https://highpentam.s3.ap-northeast-2.amazonaws.com/mountains/황매산_image478.jpg', '101'
'310', 'https://highpentam.s3.ap-northeast-2.amazonaws.com/mountains/황매산_image480.jpg', '101'
'311', 'https://highpentam.s3.ap-northeast-2.amazonaws.com/mountains/황석산_image481.jpg', '102'
'312', 'https://highpentam.s3.ap-northeast-2.amazonaws.com/mountains/황석산_image482.jpg', '102'
'313', 'https://highpentam.s3.ap-northeast-2.amazonaws.com/mountains/황석산_image483.jpg', '102'
'314', 'https://highpentam.s3.ap-northeast-2.amazonaws.com/mountains/황석산_image484.jpg', '102'
'315', 'https://highpentam.s3.ap-northeast-2.amazonaws.com/mountains/황석산_image485.jpg', '102'
'316', 'https://highpentam.s3.ap-northeast-2.amazonaws.com/mountains/황악산_image488.jpg', '103'
'317', 'https://highpentam.s3.ap-northeast-2.amazonaws.com/mountains/황악산_image489.jpg', '103'
'318', 'https://highpentam.s3.ap-northeast-2.amazonaws.com/mountains/황장산_image491.jpg', '104'
'319', 'https://highpentam.s3.ap-northeast-2.amazonaws.com/mountains/황장산_image492.jpg', '104'
'320', 'https://highpentam.s3.ap-northeast-2.amazonaws.com/mountains/황장산_image493.jpg', '104'
'321', 'https://highpentam.s3.ap-northeast-2.amazonaws.com/mountains/황장산_image495.jpg', '104'
'322', 'https://highpentam.s3.ap-northeast-2.amazonaws.com/mountains/희양산_image496.jpg', '105'
'323', 'https://highpentam.s3.ap-northeast-2.amazonaws.com/mountains/희양산_image498.jpg', '105'
'324', 'https://highpentam.s3.ap-northeast-2.amazonaws.com/mountains/희양산_image500.jpg', '105'
